,word,FREQ,freq,freq3,freq4,freq5,freq6,freq7,freq8,freq9,freq10,freq11,freq12,freq13,freq14,freq15,freq16,Summary,Count,Validity
1,absolutely,NA,NA,NA,NA,NA,NA,0.36,NA,NA,NA,NA,NA,NA,NA,NA,NA,0.36,1,Yes
2,access,NA,NA,NA,NA,NA,NA,0.36,NA,NA,NA,NA,NA,NA,NA,NA,NA,0.36,1,no
3,adequate,NA,NA,NA,NA,NA,NA,NA,NA,0.55,NA,NA,NA,NA,NA,NA,NA,0.55,1,Yes
4,aesthetically,NA,NA,NA,NA,NA,NA,NA,NA,NA,0.38,NA,NA,NA,NA,NA,NA,0.38,1,Yes
5,africa,NA,NA,NA,NA,NA,NA,NA,0.42,NA,NA,NA,NA,NA,NA,NA,NA,0.42,1,no
6,afternoon,NA,NA,NA,NA,0.46,NA,NA,NA,NA,NA,NA,NA,NA,NA,NA,NA,0.46,1,no
7,ago,NA,NA,NA,NA,NA,NA,0.66,NA,NA,NA,NA,NA,NA,NA,NA,NA,0.66,1,no
8,air,NA,NA,NA,NA,NA,NA,NA,0.67,NA,NA,NA,NA,NA,NA,NA,NA,0.67,1,no
9,airconditioning,NA,NA,NA,NA,NA,NA,NA,NA,NA,NA,0.36,NA,NA,NA,NA,NA,0.36,1,no
10,airport,NA,0.34,NA,0.34,NA,0.3,NA,NA,NA,NA,NA,NA,NA,NA,NA,NA,0.326666667,3,no
11,always,NA,NA,NA,NA,NA,NA,NA,NA,0.34,NA,NA,NA,NA,NA,NA,NA,0.34,1,no
12,ambiance,NA,NA,NA,NA,NA,NA,0.36,NA,NA,NA,NA,NA,NA,NA,NA,NA,0.36,1,Yes
13,amenities,0.6,NA,NA,NA,NA,0.38,NA,NA,NA,0.53,NA,NA,NA,NA,NA,NA,0.503333333,3,Yes
14,anniversary,NA,NA,NA,NA,NA,NA,NA,0.42,NA,NA,NA,NA,NA,NA,NA,NA,0.42,1,no
15,appreciate,NA,NA,NA,NA,NA,NA,NA,NA,0.37,NA,NA,NA,NA,NA,NA,NA,0.37,1,Yes
16,area,NA,0.63,NA,NA,NA,NA,NA,NA,NA,NA,NA,NA,NA,NA,NA,NA,0.63,1,Yes
17,around,NA,NA,NA,NA,NA,NA,NA,NA,0.35,NA,NA,NA,NA,NA,NA,NA,0.35,1,no
18,arranged,NA,NA,NA,NA,NA,NA,NA,NA,NA,NA,0.36,NA,NA,NA,NA,NA,0.36,1,Yes
19,ask,NA,NA,NA,NA,NA,NA,NA,NA,NA,NA,NA,NA,NA,NA,0.37,NA,0.37,1,no
20,assistance,NA,NA,NA,NA,NA,NA,NA,0.42,NA,NA,NA,NA,NA,NA,NA,NA,0.42,1,Yes
21,associate,NA,NA,NA,NA,NA,NA,NA,NA,NA,0.37,NA,NA,NA,NA,NA,NA,0.37,1,no
22,ate,NA,NA,NA,NA,NA,NA,NA,NA,NA,NA,0.36,NA,NA,NA,NA,NA,0.36,1,no
23,atleast,NA,NA,NA,NA,NA,NA,NA,NA,NA,NA,NA,NA,NA,0.35,NA,NA,0.35,1,no
24,automatically,NA,NA,NA,NA,NA,NA,NA,NA,NA,NA,0.36,NA,NA,NA,NA,NA,0.36,1,Yes
25,available,0.6,NA,NA,NA,NA,NA,NA,NA,NA,NA,NA,NA,NA,NA,NA,NA,0.6,1,no
26,aware,NA,NA,NA,NA,NA,NA,NA,NA,NA,NA,0.36,NA,NA,NA,NA,NA,0.36,1,no
27,bad,NA,NA,NA,NA,NA,NA,NA,NA,0.37,NA,NA,NA,NA,NA,NA,NA,0.37,1,No
28,bar,NA,0.5,0.32,NA,NA,NA,NA,NA,NA,NA,NA,NA,NA,NA,NA,NA,0.41,2,no
29,bars,NA,NA,NA,NA,NA,NA,NA,0.42,NA,NA,NA,NA,NA,NA,NA,NA,0.42,1,no
30,bathroom,NA,NA,NA,NA,NA,NA,NA,NA,NA,NA,NA,NA,NA,NA,0.33,0.34,0.335,2,Yes
31,bathtub,NA,NA,NA,NA,NA,NA,NA,NA,NA,NA,0.35,NA,NA,NA,NA,NA,0.35,1,Yes
32,beat,NA,NA,NA,NA,NA,NA,NA,NA,NA,NA,NA,NA,NA,NA,0.45,NA,0.45,1,Yes
33,beds,NA,NA,NA,NA,NA,NA,NA,NA,NA,NA,0.35,NA,NA,NA,NA,NA,0.35,1,Yes
34,best,0.31,NA,NA,NA,NA,0.34,NA,NA,NA,NA,NA,NA,NA,NA,0.36,NA,0.336666667,3,Yes
35,beverage,NA,NA,NA,NA,NA,NA,NA,NA,NA,NA,NA,NA,NA,NA,NA,0.36,0.36,1,no
36,big,NA,0.34,NA,NA,NA,NA,NA,NA,NA,NA,NA,NA,NA,NA,0.32,NA,0.33,2,Yes
37,biggest,NA,NA,NA,NA,0.46,NA,NA,NA,NA,NA,NA,NA,NA,NA,NA,NA,0.46,1,Yes
38,booked,NA,NA,NA,NA,NA,NA,0.35,NA,NA,NA,NA,0.37,NA,NA,NA,NA,0.36,2,no
39,breakfast,NA,0.43,0.4,NA,NA,NA,NA,NA,NA,NA,NA,NA,NA,NA,NA,NA,0.415,2,no
40,buffet,NA,0.3,0.39,NA,NA,0.38,NA,NA,NA,NA,NA,NA,NA,NA,NA,NA,0.356666667,3,no
41,busy,0.6,NA,NA,NA,NA,NA,NA,NA,NA,NA,NA,NA,NA,NA,NA,NA,0.6,1,no
42,button,NA,NA,NA,NA,NA,NA,NA,NA,NA,0.37,NA,NA,NA,NA,NA,NA,0.37,1,no
43,call,NA,NA,NA,NA,NA,NA,NA,NA,NA,0.37,NA,NA,NA,0.35,NA,NA,0.36,2,no
44,captchaitanya,NA,NA,NA,NA,NA,NA,NA,NA,NA,NA,NA,NA,NA,NA,NA,0.44,0.44,1,no
45,catering,NA,NA,NA,NA,NA,NA,0.41,NA,NA,NA,NA,NA,NA,NA,NA,NA,0.41,1,Yes
46,ceiling,NA,NA,NA,NA,NA,NA,NA,NA,NA,NA,NA,NA,NA,NA,0.37,NA,0.37,1,no
47,celebrate,NA,NA,NA,NA,NA,NA,NA,0.42,NA,NA,NA,NA,NA,NA,NA,NA,0.42,1,Yes
48,center,0.6,NA,NA,NA,NA,NA,NA,NA,NA,NA,NA,NA,NA,NA,NA,NA,0.6,1,no
49,chair,NA,NA,NA,NA,NA,NA,NA,NA,NA,0.37,NA,NA,NA,NA,NA,NA,0.37,1,no
50,change,NA,NA,NA,NA,NA,NA,NA,NA,NA,NA,NA,NA,NA,NA,0.45,NA,0.45,1,no
51,chennais,NA,NA,NA,NA,0.46,NA,NA,NA,NA,NA,NA,NA,NA,NA,NA,NA,0.46,1,no
52,chk,NA,NA,NA,NA,NA,NA,NA,NA,NA,NA,NA,NA,NA,0.35,NA,NA,0.35,1,no
53,choclated,NA,NA,NA,NA,NA,NA,NA,NA,NA,NA,NA,NA,NA,0.35,NA,NA,0.35,1,no
54,choices,NA,NA,NA,NA,NA,NA,NA,0.6,NA,NA,NA,NA,NA,NA,NA,NA,0.6,1,Yes
55,choices,NA,NA,0.31,NA,NA,0.38,NA,0.6,NA,NA,NA,NA,NA,NA,NA,NA,0.43,3,Yes
56,class,NA,NA,NA,NA,NA,NA,NA,0.43,NA,NA,NA,NA,NA,0.35,NA,NA,0.39,2,Yes
57,clean,NA,NA,0.31,0.36,NA,NA,0.39,NA,NA,NA,NA,NA,NA,NA,NA,NA,0.353333333,3,Yes
58,cleanliness,NA,NA,NA,NA,NA,NA,NA,0.42,NA,NA,NA,NA,NA,NA,NA,NA,0.42,1,Yes
59,cleanliness,NA,NA,NA,NA,0.46,NA,NA,0.42,NA,NA,NA,NA,NA,NA,NA,NA,0.44,2,Yes
60,clearly,NA,NA,NA,NA,NA,NA,NA,NA,0.55,NA,NA,NA,NA,NA,NA,NA,0.55,1,Yes
61,close,0.31,NA,NA,NA,NA,NA,NA,NA,NA,NA,NA,NA,NA,NA,NA,NA,0.31,1,no
62,clubs,NA,NA,NA,NA,0.46,NA,NA,NA,NA,NA,NA,NA,NA,NA,NA,NA,0.46,1,no
63,cold,NA,NA,NA,NA,NA,NA,NA,NA,NA,NA,0.35,NA,NA,NA,NA,NA,0.35,1,no
64,colleagues,NA,NA,NA,NA,NA,NA,NA,0.42,NA,NA,NA,NA,NA,NA,NA,NA,0.42,1,no
65,comfortable,0.68,NA,0.31,NA,NA,NA,NA,NA,NA,NA,NA,NA,NA,NA,NA,NA,0.495,2,Yes
66,compliment,NA,NA,NA,NA,NA,NA,NA,0.42,NA,NA,NA,NA,NA,NA,NA,NA,0.42,1,Yes
67,con,NA,NA,NA,NA,NA,NA,NA,0.67,NA,NA,NA,NA,NA,NA,NA,NA,0.67,1,no
68,concern,NA,NA,NA,NA,NA,NA,NA,0.42,NA,NA,NA,NA,NA,NA,NA,NA,0.42,1,no
69,conferences,NA,NA,NA,NA,NA,NA,NA,NA,NA,0.38,NA,NA,NA,NA,NA,NA,0.38,1,no
70,confortable,NA,NA,NA,NA,NA,NA,NA,NA,NA,NA,NA,NA,NA,NA,0.45,NA,0.45,1,no
71,connection,NA,NA,NA,NA,NA,NA,NA,NA,0.55,NA,NA,NA,NA,NA,NA,NA,0.55,1,no
72,consistent,NA,NA,NA,NA,NA,NA,NA,NA,0.55,NA,NA,NA,NA,NA,NA,NA,0.55,1,Yes
73,continental,NA,NA,0.58,NA,NA,NA,NA,NA,NA,NA,NA,NA,NA,NA,NA,NA,0.58,1,Yes
74,courteous,NA,0.34,NA,NA,NA,NA,NA,NA,NA,NA,NA,NA,NA,NA,NA,NA,0.34,1,Yes
75,courtesy,NA,NA,NA,NA,NA,NA,NA,NA,NA,0.38,NA,NA,NA,NA,NA,NA,0.38,1,Yes
76,customer,NA,NA,NA,NA,NA,NA,NA,NA,NA,NA,NA,NA,NA,0.35,NA,NA,0.35,1,no
77,customers,NA,NA,NA,NA,NA,NA,NA,0.42,NA,NA,NA,NA,NA,NA,NA,NA,0.42,1,No
78,day,NA,NA,NA,NA,NA,NA,NA,0.3,NA,NA,NA,NA,NA,NA,NA,NA,0.3,1,no
79,days,NA,NA,NA,NA,NA,NA,0.41,NA,NA,NA,NA,NA,NA,NA,NA,NA,0.41,1,no
80,decent,NA,NA,NA,NA,NA,NA,NA,NA,NA,NA,0.35,NA,NA,NA,NA,NA,0.35,1,Yes
81,decor,NA,NA,NA,NA,NA,NA,NA,NA,NA,NA,0.35,NA,NA,NA,0.33,NA,0.34,2,Yes
82,definitely,0.31,NA,NA,NA,NA,NA,NA,NA,NA,NA,NA,NA,NA,NA,NA,NA,0.31,1,Yes
83,delicious,NA,NA,NA,NA,NA,NA,NA,0.42,NA,NA,NA,NA,NA,NA,NA,NA,0.42,1,Yes
84,delight,NA,NA,NA,NA,NA,NA,NA,NA,NA,0.38,NA,NA,NA,NA,NA,NA,0.38,1,Yes
85,despite,0.31,NA,NA,NA,NA,NA,NA,NA,NA,NA,NA,NA,NA,NA,NA,NA,0.31,1,Yes
86,detailed,NA,NA,NA,NA,NA,NA,NA,NA,0.57,NA,NA,NA,NA,NA,NA,NA,0.57,1,no
87,details,NA,NA,NA,NA,NA,NA,NA,NA,NA,NA,NA,NA,NA,NA,NA,0.32,0.32,1,Yes
88,didnt,NA,NA,NA,0.35,NA,NA,NA,NA,NA,NA,NA,NA,NA,NA,NA,NA,0.35,1,no
89,different,NA,0.34,NA,NA,NA,NA,NA,NA,NA,NA,NA,NA,NA,NA,NA,NA,0.34,1,no
90,digital,NA,NA,NA,NA,NA,NA,NA,NA,NA,NA,NA,NA,NA,NA,0.45,NA,0.45,1,no
91,dinner,NA,NA,0.33,NA,NA,NA,NA,NA,NA,NA,NA,NA,NA,NA,NA,0.44,0.385,2,no
92,dinners,NA,NA,NA,NA,NA,NA,NA,NA,NA,NA,NA,NA,NA,NA,NA,0.44,0.44,1,no
93,dish,NA,NA,NA,NA,NA,NA,NA,NA,NA,NA,0.35,NA,NA,NA,NA,NA,0.35,1,no
94,distance,NA,NA,NA,NA,NA,NA,NA,NA,NA,NA,NA,NA,0.39,NA,NA,NA,0.39,1,no
95,dome,NA,NA,NA,NA,NA,NA,NA,NA,NA,NA,NA,NA,NA,NA,0.45,NA,0.45,1,no
96,double,NA,NA,NA,NA,NA,NA,NA,NA,NA,NA,NA,0.37,NA,NA,NA,NA,0.37,1,no
97,dryer,NA,NA,NA,NA,NA,NA,NA,NA,NA,NA,0.35,NA,NA,NA,NA,NA,0.35,1,no
98,due,NA,NA,NA,NA,NA,NA,NA,NA,0.57,NA,NA,NA,NA,NA,NA,NA,0.57,1,no
99,early,NA,NA,NA,NA,NA,NA,NA,NA,0.57,NA,0.36,NA,NA,NA,NA,NA,0.465,2,no
100,elements,NA,NA,NA,NA,NA,NA,NA,NA,NA,NA,NA,NA,NA,NA,NA,0.44,0.44,1,no
101,elevator,NA,NA,NA,NA,NA,NA,NA,NA,NA,0.37,NA,NA,NA,NA,NA,NA,0.37,1,no
102,enjoy,NA,NA,NA,NA,NA,NA,NA,NA,0.37,NA,NA,NA,NA,NA,NA,NA,0.37,1,Yes
103,enjoyed,NA,0.3,NA,NA,NA,NA,NA,NA,NA,NA,NA,NA,NA,NA,NA,NA,0.3,1,Yes
104,enjoying,NA,NA,NA,NA,NA,NA,NA,NA,NA,NA,NA,NA,0.39,NA,NA,NA,0.39,1,Yes
105,enough,NA,NA,NA,NA,NA,NA,NA,0.43,NA,NA,NA,NA,NA,NA,NA,NA,0.43,1,no
106,ensured,NA,NA,NA,NA,NA,NA,NA,0.42,NA,NA,NA,NA,NA,NA,NA,NA,0.42,1,Yes
107,entrance,NA,NA,NA,NA,NA,NA,NA,NA,NA,NA,NA,NA,NA,0.35,NA,NA,0.35,1,no
108,entry,NA,NA,NA,NA,NA,NA,NA,NA,0.57,NA,NA,NA,NA,NA,NA,NA,0.57,1,no
109,equipped,NA,NA,NA,NA,NA,NA,NA,NA,0.55,NA,NA,NA,NA,NA,NA,NA,0.55,1,Yes
110,even,NA,NA,NA,NA,NA,NA,NA,NA,NA,NA,NA,NA,NA,NA,NA,0.33,0.33,1,no
111,eveningmay,NA,NA,NA,NA,NA,NA,NA,NA,NA,NA,NA,NA,NA,NA,NA,0.44,0.44,1,no
112,excellent,NA,NA,NA,NA,NA,NA,NA,0.48,NA,NA,NA,NA,NA,NA,NA,NA,0.48,1,Yes
113,excellentbreakfast,NA,NA,NA,NA,NA,NA,NA,NA,NA,NA,0.36,NA,NA,NA,NA,NA,0.36,1,Yes
114,executive,NA,NA,NA,NA,NA,NA,0.36,0.43,0.57,NA,NA,NA,NA,NA,NA,NA,0.453333333,3,no
115,executive,NA,NA,NA,NA,NA,NA,0.36,0.43,0.57,NA,NA,NA,NA,NA,NA,NA,0.453333333,3,no
116,expect,NA,NA,NA,NA,NA,NA,NA,NA,NA,NA,0.35,NA,NA,NA,NA,NA,0.35,1,Yes
117,experience,NA,NA,NA,NA,NA,NA,NA,NA,0.55,NA,NA,NA,NA,NA,NA,NA,0.55,1,Yes
118,experienced,NA,NA,NA,NA,NA,NA,NA,NA,0.35,NA,NA,NA,NA,NA,NA,NA,0.35,1,Yes
119,explain,NA,NA,NA,NA,NA,NA,NA,NA,0.37,NA,NA,NA,NA,NA,NA,NA,0.37,1,no
120,external,0.6,NA,NA,NA,NA,NA,NA,NA,NA,NA,NA,NA,NA,NA,NA,NA,0.6,1,no
121,extremely,NA,NA,0.3,NA,NA,NA,NA,NA,NA,NA,NA,NA,NA,NA,NA,NA,0.3,1,Yes
122,facilities,NA,NA,NA,NA,NA,NA,NA,NA,NA,0.35,NA,NA,NA,NA,NA,NA,0.35,1,Yes
123,fact,NA,NA,NA,NA,NA,NA,NA,NA,NA,NA,NA,NA,NA,NA,NA,0.44,0.44,1,no
124,fantastic,NA,NA,NA,NA,NA,NA,0.36,NA,NA,NA,NA,NA,NA,NA,NA,NA,0.36,1,Yes
125,far,NA,NA,NA,NA,NA,NA,NA,NA,0.55,NA,NA,NA,NA,NA,NA,NA,0.55,1,no
126,favourite,NA,NA,NA,NA,NA,NA,NA,NA,NA,NA,NA,NA,NA,0.35,NA,NA,0.35,1,Yes
127,finer,NA,NA,NA,NA,NA,NA,NA,NA,NA,NA,NA,NA,NA,NA,NA,0.44,0.44,1,Yes
128,first,NA,NA,NA,NA,NA,NA,NA,NA,NA,NA,NA,NA,NA,0.3,NA,NA,0.3,1,no
129,flexible,NA,NA,NA,NA,NA,NA,NA,NA,NA,NA,NA,NA,NA,0.35,NA,NA,0.35,1,Yes
130,floor,NA,0.63,NA,NA,NA,NA,NA,NA,NA,NA,NA,NA,0.31,NA,0.4,NA,0.446666667,3,no
131,food,NA,NA,NA,NA,NA,NA,0.34,NA,NA,NA,NA,NA,NA,NA,NA,0.31,0.325,2,no
132,freshners,NA,NA,NA,NA,NA,NA,NA,NA,NA,NA,NA,NA,NA,NA,NA,0.44,0.44,1,Yes
133,friday,NA,NA,NA,NA,0.46,NA,NA,NA,NA,NA,NA,NA,NA,NA,NA,NA,0.46,1,no
134,front,NA,NA,NA,NA,NA,NA,NA,NA,0.42,NA,NA,NA,NA,NA,NA,NA,0.42,1,no
135,functional,NA,NA,NA,NA,NA,NA,NA,NA,NA,NA,NA,NA,NA,NA,0.45,NA,0.45,1,Yes
136,gadgets,NA,NA,NA,NA,NA,NA,NA,NA,NA,NA,0.35,NA,NA,NA,NA,NA,0.35,1,Yes
137,gate,NA,NA,NA,NA,NA,NA,NA,NA,0.57,NA,NA,NA,NA,NA,NA,NA,0.57,1,no
138,giving,NA,NA,NA,NA,NA,NA,NA,NA,NA,NA,NA,NA,NA,0.35,NA,NA,0.35,1,no
139,going,NA,0.34,NA,NA,NA,NA,NA,NA,NA,NA,NA,NA,NA,NA,NA,NA,0.34,1,no
140,gold,NA,NA,NA,NA,NA,NA,NA,NA,NA,NA,0.36,NA,NA,NA,NA,NA,0.36,1,no
141,got,NA,NA,NA,NA,NA,NA,NA,NA,0.57,NA,NA,NA,NA,NA,NA,NA,0.57,1,no
142,great,NA,0.78,0.34,NA,NA,NA,NA,NA,NA,NA,NA,NA,NA,NA,NA,NA,0.56,2,Yes
143,gym,NA,NA,NA,NA,NA,NA,NA,0.67,NA,0.4,NA,NA,0.34,NA,NA,NA,0.47,3,no
144,hair,NA,NA,NA,NA,NA,NA,NA,NA,NA,NA,0.35,NA,NA,NA,NA,NA,0.35,1,no
145,halls,NA,NA,NA,NA,NA,NA,NA,NA,NA,NA,NA,NA,NA,0.35,NA,NA,0.35,1,no
146,handy,NA,NA,NA,NA,NA,NA,NA,NA,NA,0.37,NA,NA,NA,NA,NA,NA,0.37,1,Yes
147,hassle,NA,NA,NA,NA,NA,NA,NA,0.42,NA,NA,0.36,NA,NA,NA,NA,NA,0.39,2,no
148,hats,NA,NA,NA,NA,NA,NA,NA,0.42,NA,NA,NA,NA,NA,NA,NA,NA,0.42,1,no
149,heres,NA,NA,NA,NA,NA,NA,NA,NA,NA,NA,NA,NA,NA,NA,0.45,NA,0.45,1,no
150,high,NA,0.63,NA,NA,NA,0.48,NA,NA,NA,NA,NA,NA,NA,NA,NA,NA,0.555,2,Yes
151,highly,NA,NA,NA,NA,NA,NA,NA,0.6,NA,NA,NA,NA,NA,NA,NA,NA,0.6,1,Yes
152,hiltonchennai,NA,NA,NA,NA,NA,NA,NA,NA,NA,NA,NA,NA,NA,NA,NA,0.44,0.44,1,no
153,holding,NA,NA,NA,NA,NA,NA,NA,NA,NA,0.38,NA,NA,NA,NA,NA,NA,0.38,1,no
154,hom,NA,NA,NA,NA,NA,NA,0.36,NA,NA,NA,NA,NA,NA,NA,NA,NA,0.36,1,no
155,honours,NA,0.63,NA,NA,NA,NA,NA,NA,NA,NA,NA,NA,NA,NA,NA,NA,0.63,1,Yes
156,hospitality,NA,NA,NA,NA,NA,NA,NA,0.6,NA,NA,NA,NA,NA,NA,NA,NA,0.6,1,Yes
157,hot,NA,NA,NA,NA,NA,NA,NA,NA,NA,NA,0.35,NA,NA,NA,NA,NA,0.35,1,no
158,hours,NA,NA,NA,NA,NA,NA,NA,NA,0.57,NA,NA,NA,NA,NA,NA,NA,0.57,1,no
159,housekeeping,NA,NA,NA,NA,NA,NA,NA,0.37,NA,NA,NA,NA,NA,NA,NA,NA,0.37,1,Yes
160,hygenic,NA,NA,NA,NA,NA,NA,NA,0.42,NA,NA,NA,NA,NA,NA,NA,NA,0.42,1,Yes
161,immensely,NA,0.63,NA,NA,NA,NA,NA,NA,NA,NA,NA,NA,NA,NA,NA,NA,0.63,1,Yes
162,important,NA,NA,NA,NA,NA,0.38,NA,NA,NA,NA,NA,NA,NA,NA,NA,NA,0.38,1,Yes
163,impossible,NA,NA,NA,NA,0.46,NA,NA,NA,NA,NA,NA,NA,NA,NA,NA,NA,0.46,1,no
164,including,NA,NA,NA,NA,NA,NA,NA,NA,0.57,NA,NA,NA,NA,NA,NA,NA,0.57,1,no
165,individual,NA,NA,NA,NA,NA,NA,NA,NA,NA,NA,NA,NA,NA,0.35,NA,NA,0.35,1,no
166,information,0.6,NA,NA,NA,NA,NA,NA,NA,NA,NA,NA,NA,NA,NA,NA,NA,0.6,1,no
167,informed,NA,NA,NA,NA,NA,NA,NA,NA,NA,NA,NA,NA,NA,NA,NA,0.44,0.44,1,no
168,instead,NA,NA,NA,NA,NA,NA,NA,NA,NA,NA,NA,NA,NA,0.35,NA,NA,0.35,1,no
169,international,NA,NA,NA,NA,NA,0.3,NA,NA,NA,NA,NA,NA,NA,NA,NA,NA,0.3,1,Yes
170,iron,NA,NA,NA,NA,NA,NA,NA,NA,NA,NA,0.35,NA,NA,NA,NA,NA,0.35,1,no
171,just,0.6,NA,NA,NA,NA,NA,NA,NA,NA,NA,NA,NA,NA,NA,NA,NA,0.6,1,no
172,keen,NA,NA,NA,NA,NA,NA,NA,0.42,NA,NA,NA,NA,NA,NA,NA,NA,0.42,1,no
173,kitchens,NA,NA,NA,NA,NA,NA,NA,0.42,NA,NA,NA,NA,NA,NA,NA,NA,0.42,1,no
174,kudos,NA,NA,NA,NA,NA,NA,NA,0.42,NA,NA,NA,NA,NA,NA,NA,NA,0.42,1,Yes
175,lamp,NA,NA,NA,NA,NA,NA,NA,NA,NA,0.37,NA,NA,NA,NA,0.45,NA,0.41,2,no
176,large,NA,NA,NA,NA,NA,NA,0.34,NA,NA,NA,NA,NA,NA,NA,NA,NA,0.34,1,Yes
177,laud,NA,NA,NA,NA,NA,NA,NA,NA,NA,NA,NA,NA,0.39,NA,NA,NA,0.39,1,Yes
178,led,NA,NA,NA,NA,NA,NA,NA,NA,NA,NA,0.35,NA,NA,NA,NA,NA,0.35,1,no
179,left,NA,NA,NA,NA,NA,NA,NA,0.42,NA,NA,NA,NA,NA,NA,NA,NA,0.42,1,no
180,light,NA,NA,NA,NA,NA,NA,NA,NA,NA,0.37,NA,NA,NA,NA,NA,NA,0.37,1,no
181,lights,NA,NA,NA,NA,NA,NA,NA,NA,NA,0.37,NA,NA,NA,NA,NA,NA,0.37,1,no
182,liked,NA,NA,0.58,NA,NA,NA,NA,NA,NA,NA,NA,NA,NA,NA,NA,NA,0.58,1,Yes
183,line,NA,NA,NA,NA,NA,NA,NA,0.42,NA,NA,NA,NA,NA,NA,NA,NA,0.42,1,no
184,living,NA,NA,NA,NA,NA,NA,NA,NA,NA,0.38,NA,NA,NA,NA,NA,NA,0.38,1,no
185,local,NA,NA,NA,NA,NA,NA,0.36,NA,NA,NA,NA,NA,NA,NA,NA,NA,0.36,1,no
186,located,0.59,NA,NA,NA,NA,NA,NA,NA,NA,NA,NA,NA,NA,NA,NA,NA,0.59,1,no
187,loud,NA,NA,NA,NA,0.46,NA,NA,NA,NA,NA,NA,NA,NA,NA,NA,NA,0.46,1,no
188,lov,NA,NA,NA,NA,NA,NA,NA,NA,NA,NA,NA,NA,NA,0.35,NA,NA,0.35,1,no
189,lovely,NA,NA,NA,NA,NA,NA,NA,0.67,NA,0.38,NA,NA,NA,NA,NA,NA,0.525,2,Yes
190,lucky,NA,NA,NA,NA,NA,NA,NA,0.42,NA,NA,NA,NA,NA,NA,NA,NA,0.42,1,Yes
191,luxury,NA,NA,NA,NA,NA,NA,NA,NA,0.35,NA,NA,NA,NA,NA,NA,NA,0.35,1,Yes
192,magic,NA,NA,NA,NA,NA,NA,NA,NA,NA,0.37,NA,NA,NA,NA,NA,NA,0.37,1,Yes
193,maintained,0.31,NA,NA,NA,NA,NA,NA,NA,NA,NA,NA,NA,NA,NA,NA,NA,0.31,1,Yes
194,maker,NA,NA,NA,NA,NA,NA,NA,NA,NA,NA,0.35,NA,NA,NA,NA,NA,0.35,1,no
195,making,NA,NA,NA,NA,0.46,NA,NA,NA,NA,NA,NA,NA,NA,NA,NA,NA,0.46,1,no
196,mani,NA,NA,NA,NA,NA,NA,NA,NA,NA,NA,0.36,NA,NA,NA,NA,NA,0.36,1,no
197,many,NA,0.34,NA,NA,NA,NA,NA,0.45,NA,NA,NA,NA,NA,NA,NA,NA,0.395,2,no
198,many,NA,NA,NA,NA,NA,NA,NA,0.45,NA,NA,NA,NA,NA,NA,NA,NA,0.45,1,no
199,mattress,NA,NA,NA,NA,NA,NA,NA,NA,NA,NA,NA,NA,NA,NA,NA,0.44,0.44,1,Yes
200,may,NA,NA,NA,NA,NA,0.38,NA,NA,NA,NA,NA,NA,NA,NA,NA,NA,0.38,1,no
201,memebers,NA,NA,NA,NA,NA,NA,NA,NA,NA,NA,NA,NA,NA,0.35,NA,NA,0.35,1,no
202,metro,0.6,NA,NA,NA,NA,NA,NA,NA,NA,NA,NA,NA,NA,NA,NA,NA,0.6,1,no
203,morn,NA,NA,NA,NA,NA,NA,NA,NA,0.57,NA,NA,NA,NA,NA,NA,NA,0.57,1,no
204,morning,NA,0.34,0.62,NA,NA,NA,NA,NA,NA,NA,NA,NA,NA,NA,NA,NA,0.48,2,no
205,mouth,NA,NA,NA,NA,NA,NA,NA,NA,NA,NA,NA,NA,NA,NA,NA,0.44,0.44,1,no
206,mpho,NA,NA,NA,NA,NA,NA,NA,0.42,NA,NA,NA,NA,NA,NA,NA,NA,0.42,1,no
207,multipl,NA,NA,NA,NA,NA,NA,NA,NA,NA,NA,NA,NA,0.39,NA,NA,NA,0.39,1,no
208,music,NA,NA,NA,NA,0.46,NA,NA,NA,NA,NA,NA,NA,0.39,NA,NA,NA,0.425,2,no
209,name,NA,NA,NA,NA,NA,NA,NA,0.42,NA,NA,NA,NA,NA,NA,NA,NA,0.42,1,no
210,neat,NA,NA,0.58,NA,NA,NA,NA,NA,NA,NA,NA,NA,NA,NA,NA,NA,0.58,1,Yes
211,need,NA,NA,NA,NA,NA,NA,NA,0.42,NA,NA,NA,NA,NA,NA,NA,NA,0.42,1,Yes
212,needs,NA,NA,NA,NA,NA,NA,NA,0.31,NA,NA,NA,NA,NA,NA,NA,NA,0.31,1,Yes
213,night,NA,NA,NA,NA,0.57,NA,NA,NA,0.37,NA,NA,NA,NA,NA,NA,NA,0.47,2,no
214,nights,NA,NA,NA,NA,NA,NA,NA,0.42,NA,NA,NA,NA,NA,NA,NA,NA,0.42,1,no
215,nights,0.68,NA,NA,NA,NA,NA,NA,0.42,NA,NA,NA,NA,NA,NA,NA,NA,0.55,2,no
216,noise,0.6,NA,NA,NA,NA,NA,NA,NA,NA,NA,NA,NA,NA,NA,NA,NA,0.6,1,no
217,noisy,NA,NA,NA,NA,NA,NA,NA,NA,NA,NA,NA,NA,0.4,NA,NA,NA,0.4,1,no
218,notes,NA,NA,NA,NA,NA,NA,NA,0.42,NA,NA,NA,NA,NA,NA,NA,NA,0.42,1,no
219,nothing,NA,NA,NA,NA,NA,NA,NA,NA,NA,NA,0.36,NA,NA,NA,NA,NA,0.36,1,no
220,offered,NA,NA,NA,NA,NA,NA,NA,NA,NA,NA,NA,NA,NA,NA,0.37,NA,0.37,1,Yes
221,offers,0.6,NA,NA,NA,NA,NA,NA,NA,0.57,NA,NA,NA,NA,NA,NA,NA,0.585,2,Yes
222,office,NA,NA,NA,NA,NA,NA,NA,NA,0.57,NA,NA,NA,NA,NA,NA,NA,0.57,1,no
223,old,NA,NA,NA,NA,NA,NA,NA,NA,NA,NA,NA,NA,NA,NA,0.45,NA,0.45,1,no
224,opinion,NA,NA,NA,NA,NA,NA,NA,NA,NA,NA,NA,NA,NA,0.35,NA,NA,0.35,1,no
225,opp,0.6,NA,NA,NA,NA,NA,NA,NA,NA,NA,NA,NA,NA,NA,NA,NA,0.6,1,no
226,opportunity,NA,NA,NA,NA,NA,NA,NA,NA,0.57,NA,NA,NA,NA,NA,NA,NA,0.57,1,no
227,outstanding,NA,NA,NA,NA,NA,NA,NA,NA,0.35,NA,NA,NA,NA,NA,NA,NA,0.35,1,Yes
228,overnight,NA,NA,NA,NA,NA,NA,NA,0.42,NA,NA,NA,NA,NA,NA,NA,NA,0.42,1,no
229,package,NA,NA,NA,NA,NA,NA,NA,NA,0.57,NA,NA,NA,NA,NA,NA,NA,0.57,1,no
230,past,NA,NA,NA,NA,NA,NA,NA,NA,0.35,NA,NA,NA,NA,NA,NA,NA,0.35,1,no
231,peaceful,NA,NA,NA,NA,NA,NA,NA,0.42,NA,NA,NA,NA,NA,NA,NA,NA,0.42,1,Yes
232,pearl,NA,NA,NA,NA,NA,NA,NA,0.42,NA,NA,NA,NA,NA,NA,NA,NA,0.42,1,Yes
233,perfect,NA,NA,NA,NA,NA,NA,NA,0.35,NA,NA,NA,NA,NA,NA,NA,NA,0.35,1,Yes
234,personnel,NA,NA,NA,NA,NA,NA,0.66,NA,NA,NA,NA,NA,NA,NA,NA,NA,0.66,1,no
235,phone,NA,NA,NA,NA,NA,NA,NA,NA,NA,0.37,NA,NA,NA,NA,NA,NA,0.37,1,no
236,pleasure,NA,NA,NA,NA,NA,NA,NA,0.67,NA,NA,NA,NA,NA,NA,NA,NA,0.67,1,Yes
237,point,0.31,NA,NA,NA,NA,NA,NA,NA,NA,NA,NA,NA,NA,NA,NA,NA,0.31,1,no
238,polite,NA,NA,NA,NA,NA,NA,0.66,NA,NA,NA,NA,NA,NA,NA,NA,NA,0.66,1,Yes
239,pool,NA,NA,NA,NA,NA,NA,NA,0.41,NA,NA,NA,NA,NA,NA,NA,NA,0.41,1,no
240,potray,NA,NA,NA,NA,NA,NA,NA,0.42,NA,NA,NA,NA,NA,NA,NA,NA,0.42,1,no
241,price,NA,NA,NA,NA,NA,NA,NA,NA,NA,NA,NA,NA,NA,0.35,NA,NA,0.35,1,no
242,pricing,NA,NA,NA,0.35,NA,NA,NA,NA,NA,NA,NA,NA,NA,NA,NA,NA,0.35,1,no
243,promise,NA,NA,NA,NA,NA,NA,NA,NA,NA,0.37,NA,NA,NA,NA,NA,NA,0.37,1,Yes
244,promises,NA,NA,NA,NA,NA,NA,NA,NA,NA,0.37,NA,NA,NA,NA,NA,NA,0.37,1,Yes
245,property,NA,NA,NA,NA,NA,0.38,NA,NA,NA,NA,NA,NA,NA,NA,NA,NA,0.38,1,no
246,provides,0.6,NA,NA,NA,NA,NA,NA,NA,NA,NA,NA,NA,NA,NA,NA,NA,0.6,1,Yes
247,quality,NA,0.51,NA,NA,NA,NA,NA,NA,NA,NA,NA,NA,NA,NA,NA,NA,0.51,1,Yes
248,quiet,0.31,NA,NA,NA,NA,NA,NA,NA,NA,NA,NA,NA,NA,NA,NA,NA,0.31,1,Yes
249,quite,NA,NA,NA,0.33,NA,NA,NA,NA,NA,NA,NA,NA,NA,NA,NA,NA,0.33,1,no
250,reached,NA,NA,NA,NA,NA,NA,0.41,NA,NA,NA,NA,NA,NA,NA,NA,NA,0.41,1,no
251,read,NA,NA,NA,NA,NA,NA,NA,NA,NA,NA,NA,NA,NA,NA,0.45,NA,0.45,1,no
252,really,0.31,NA,NA,NA,NA,NA,NA,0.36,NA,NA,NA,NA,NA,NA,NA,NA,0.335,2,no
253,really,NA,NA,NA,NA,NA,NA,NA,0.36,NA,NA,NA,NA,NA,NA,NA,NA,0.36,1,no
254,reception,NA,NA,0.58,NA,NA,NA,NA,NA,NA,NA,NA,NA,NA,NA,NA,NA,0.58,1,no
255,receptionist,0.6,NA,NA,NA,NA,NA,NA,NA,NA,NA,NA,NA,NA,NA,NA,NA,0.6,1,no
256,recommend,NA,NA,NA,NA,NA,NA,NA,0.45,NA,NA,NA,NA,NA,NA,NA,NA,0.45,1,Yes
257,recommend,NA,0.43,NA,NA,NA,NA,NA,0.45,NA,NA,NA,NA,NA,NA,NA,NA,0.44,2,Yes
258,regarding,NA,NA,NA,NA,NA,NA,NA,NA,0.59,NA,NA,NA,NA,NA,NA,NA,0.59,1,no
259,regular,NA,NA,NA,NA,NA,NA,NA,NA,NA,NA,NA,NA,NA,0.35,NA,NA,0.35,1,no
260,relaxing,0.31,NA,NA,NA,NA,NA,NA,NA,NA,NA,NA,NA,NA,NA,NA,NA,0.31,1,Yes
261,remaining,NA,NA,NA,NA,NA,NA,NA,0.42,NA,NA,NA,NA,NA,NA,NA,NA,0.42,1,no
262,reply,NA,NA,NA,NA,NA,NA,NA,NA,NA,NA,NA,NA,NA,NA,NA,0.44,0.44,1,no
263,requested,NA,NA,NA,NA,NA,NA,NA,NA,NA,NA,NA,NA,NA,NA,NA,0.44,0.44,1,no
264,requirements,NA,NA,NA,NA,NA,NA,NA,NA,NA,NA,0.36,NA,NA,NA,NA,NA,0.36,1,no
265,restaurant,NA,NA,NA,NA,NA,NA,NA,NA,NA,NA,0.3,0.35,NA,NA,NA,NA,0.325,2,no
266,restaurantat,NA,NA,NA,NA,NA,NA,NA,NA,NA,NA,NA,NA,NA,NA,NA,0.44,0.44,1,no
267,returning,NA,NA,NA,NA,NA,NA,NA,NA,NA,NA,0.36,NA,NA,NA,NA,NA,0.36,1,Yes
268,revise,NA,NA,NA,NA,NA,NA,NA,NA,NA,NA,NA,NA,NA,0.35,NA,NA,0.35,1,no
269,road,0.6,NA,NA,NA,NA,NA,NA,NA,NA,NA,NA,NA,NA,NA,NA,NA,0.6,1,no
270,rocking,NA,NA,NA,NA,NA,NA,NA,NA,NA,0.38,NA,NA,NA,NA,NA,NA,0.38,1,Yes
271,roof,NA,NA,0.33,NA,NA,NA,NA,NA,NA,NA,0.41,NA,NA,NA,NA,NA,0.37,2,no
272,rooftop,NA,NA,NA,NA,NA,NA,NA,0.49,NA,NA,NA,NA,NA,NA,NA,NA,0.49,1,no
273,rooftop,NA,NA,NA,NA,0.5,NA,NA,0.49,NA,NA,NA,NA,NA,NA,NA,NA,0.495,2,no
274,run,NA,NA,NA,NA,NA,NA,NA,NA,NA,NA,NA,NA,0.39,NA,NA,NA,0.39,1,no
275,running,NA,NA,NA,NA,NA,NA,NA,NA,NA,NA,0.35,NA,NA,NA,NA,NA,0.35,1,no
276,saturday,NA,NA,NA,NA,0.46,NA,NA,NA,NA,NA,NA,NA,NA,NA,NA,NA,0.46,1,no
277,say,NA,NA,NA,NA,NA,NA,NA,NA,NA,NA,NA,NA,NA,NA,NA,0.44,0.44,1,no
278,screen,NA,NA,NA,NA,NA,NA,NA,NA,NA,0.37,NA,NA,NA,NA,NA,NA,0.37,1,no
279,sculptures,NA,NA,NA,NA,NA,NA,NA,0.42,NA,NA,NA,NA,NA,NA,NA,NA,0.42,1,no
280,security,NA,NA,NA,NA,NA,NA,NA,NA,0.57,NA,NA,NA,NA,NA,NA,0.44,0.505,2,no
281,selection,NA,NA,NA,NA,NA,NA,NA,0.43,NA,NA,NA,NA,NA,NA,NA,NA,0.43,1,no
282,servic,NA,NA,NA,NA,NA,NA,NA,NA,0.35,NA,0.36,NA,NA,NA,NA,NA,0.355,2,no
283,service,NA,NA,NA,NA,0.32,NA,0.35,NA,NA,NA,NA,NA,NA,NA,NA,NA,0.335,2,no
284,services,NA,NA,NA,NA,NA,NA,NA,NA,NA,NA,NA,NA,NA,NA,NA,0.37,0.37,1,no
285,serving,NA,NA,NA,NA,NA,NA,NA,0.42,NA,NA,NA,NA,NA,NA,NA,NA,0.42,1,no
286,servvice,NA,NA,NA,NA,NA,NA,NA,0.42,NA,NA,NA,NA,NA,NA,NA,NA,0.42,1,no
287,sevice,NA,NA,NA,NA,NA,NA,NA,0.42,NA,NA,NA,NA,NA,NA,NA,NA,0.42,1,no
288,shaped,NA,NA,NA,NA,NA,NA,NA,NA,NA,NA,NA,NA,NA,NA,0.45,NA,0.45,1,no
289,share,NA,NA,NA,NA,NA,NA,NA,0.42,NA,NA,NA,NA,NA,NA,NA,NA,0.42,1,no
290,shocked,NA,NA,NA,NA,NA,NA,NA,NA,NA,NA,NA,NA,NA,NA,NA,0.44,0.44,1,no
291,short,NA,NA,NA,NA,NA,NA,NA,NA,0.59,NA,NA,NA,NA,NA,NA,NA,0.59,1,no
292,shortly,NA,NA,NA,NA,NA,NA,NA,NA,0.37,NA,NA,NA,NA,NA,NA,NA,0.37,1,no
293,silver,NA,NA,NA,NA,NA,NA,NA,NA,NA,NA,NA,NA,NA,NA,0.45,NA,0.45,1,no
294,single,NA,NA,NA,NA,NA,NA,NA,NA,NA,0.37,NA,NA,NA,NA,NA,NA,0.37,1,no
295,skyline,NA,NA,NA,NA,NA,NA,NA,NA,NA,0.38,NA,NA,NA,NA,NA,NA,0.38,1,no
296,small,NA,NA,NA,NA,NA,NA,NA,NA,NA,NA,NA,NA,NA,NA,NA,0.36,0.36,1,no
297,something,NA,NA,NA,NA,NA,NA,NA,NA,NA,NA,NA,NA,0.39,NA,NA,NA,0.39,1,no
298,son,NA,NA,NA,NA,NA,NA,NA,NA,NA,NA,NA,NA,NA,NA,NA,0.44,0.44,1,no
299,south,NA,NA,NA,NA,NA,NA,NA,0.42,NA,NA,NA,NA,NA,NA,NA,NA,0.42,1,no
300,souud,NA,NA,NA,NA,NA,NA,NA,NA,NA,NA,NA,NA,NA,NA,0.45,NA,0.45,1,no
301,space,NA,NA,NA,NA,NA,NA,NA,NA,NA,0.38,NA,NA,NA,NA,NA,NA,0.38,1,Yes
302,spacious,NA,NA,NA,0.33,NA,0.47,NA,0.62,0.5,0.44,0.39,NA,NA,0.35,NA,NA,0.442857143,7,Yes
303,spacious,NA,NA,NA,NA,NA,NA,NA,0.62,0.5,0.44,0.39,NA,NA,0.35,NA,NA,0.46,5,Yes
304,spotlessly,NA,NA,NA,NA,NA,NA,NA,0.67,NA,NA,NA,NA,NA,NA,NA,NA,0.67,1,Yes
305,start,NA,NA,NA,NA,NA,NA,0.36,NA,NA,NA,NA,NA,NA,NA,NA,NA,0.36,1,no
306,station,0.59,NA,NA,NA,NA,NA,NA,NA,NA,NA,NA,NA,NA,NA,NA,NA,0.59,1,no
307,stay,NA,NA,0.44,NA,NA,NA,NA,NA,0.55,NA,NA,NA,NA,NA,NA,NA,0.495,2,no
308,staying,NA,NA,NA,NA,NA,NA,NA,0.67,NA,NA,NA,NA,NA,NA,NA,NA,0.67,1,no
309,steam,NA,NA,NA,NA,NA,NA,NA,NA,NA,NA,0.35,NA,NA,NA,NA,NA,0.35,1,no
310,stocked,NA,NA,NA,NA,NA,NA,NA,NA,NA,0.38,NA,NA,NA,NA,NA,NA,0.38,1,Yes
311,strategically,0.6,NA,NA,NA,NA,NA,NA,NA,NA,NA,NA,NA,NA,NA,NA,NA,0.6,1,Yes
312,struggle,NA,NA,NA,NA,NA,NA,NA,NA,NA,0.37,NA,NA,NA,NA,NA,NA,0.37,1,no
313,suites,NA,NA,NA,NA,NA,NA,NA,NA,NA,NA,NA,NA,NA,0.35,NA,NA,0.35,1,no
314,suitroom,NA,NA,NA,NA,NA,NA,NA,NA,NA,NA,0.36,NA,NA,NA,NA,NA,0.36,1,no
315,sunday,NA,NA,NA,NA,0.46,NA,NA,NA,NA,NA,NA,NA,NA,NA,NA,NA,0.46,1,no
316,sweet,NA,NA,NA,NA,NA,NA,NA,NA,NA,NA,NA,NA,0.39,NA,NA,NA,0.39,1,Yes
317,tacky,NA,NA,NA,NA,NA,NA,NA,NA,NA,NA,NA,NA,NA,NA,0.45,NA,0.45,1,no
318,taht,NA,NA,NA,NA,NA,NA,NA,NA,NA,NA,NA,NA,NA,0.35,NA,NA,0.35,1,no
319,tea,NA,NA,NA,NA,NA,NA,NA,NA,NA,NA,NA,NA,NA,NA,0.31,NA,0.31,1,no
320,teacoffee,NA,NA,NA,NA,NA,NA,NA,NA,NA,NA,0.35,NA,NA,NA,NA,NA,0.35,1,no
321,tell,NA,NA,NA,NA,NA,NA,NA,NA,NA,NA,NA,NA,NA,NA,0.45,NA,0.45,1,no
322,temperature,NA,NA,NA,NA,NA,NA,NA,NA,NA,NA,NA,NA,NA,NA,0.45,NA,0.45,1,no
323,tha,NA,NA,NA,NA,NA,NA,NA,NA,NA,NA,NA,NA,NA,0.35,NA,NA,0.35,1,no
324,thats,NA,NA,NA,NA,NA,NA,NA,NA,NA,NA,0.35,NA,NA,NA,NA,NA,0.35,1,no
325,though,NA,NA,NA,NA,0.31,NA,NA,NA,0.35,NA,NA,NA,NA,NA,NA,NA,0.33,2,no
326,tidy,NA,NA,0.58,NA,NA,NA,NA,NA,NA,NA,NA,NA,NA,NA,NA,NA,0.58,1,Yes
327,tier,NA,NA,NA,NA,NA,NA,NA,NA,0.55,NA,NA,NA,NA,NA,NA,NA,0.55,1,no
328,tight,NA,NA,NA,NA,NA,NA,NA,NA,NA,0.38,NA,NA,NA,NA,NA,NA,0.38,1,no
329,till,NA,NA,NA,NA,NA,NA,0.36,NA,NA,NA,NA,NA,NA,NA,NA,NA,0.36,1,no
330,times,NA,NA,NA,NA,NA,NA,NA,NA,NA,NA,0.36,NA,NA,NA,NA,NA,0.36,1,no
331,told,NA,NA,NA,NA,NA,NA,0.66,NA,NA,NA,NA,NA,NA,NA,NA,NA,0.66,1,no
332,tooo,NA,NA,NA,NA,NA,NA,NA,NA,NA,NA,NA,NA,NA,0.35,NA,NA,0.35,1,no
333,top,NA,NA,NA,NA,NA,NA,NA,0.3,NA,NA,NA,NA,NA,NA,NA,NA,0.3,1,no
334,towelflower,NA,NA,NA,NA,NA,NA,NA,0.42,NA,NA,NA,NA,NA,NA,NA,NA,0.42,1,no
335,train,NA,NA,NA,NA,NA,NA,NA,0.42,NA,NA,NA,NA,NA,NA,NA,NA,0.42,1,no
336,traveler,NA,NA,NA,NA,NA,NA,NA,NA,0.55,NA,NA,NA,NA,NA,NA,NA,0.55,1,no
337,trendy,NA,0.63,NA,NA,NA,NA,NA,NA,NA,NA,NA,NA,NA,NA,NA,NA,0.63,1,Yes
338,trip,NA,NA,NA,NA,NA,NA,NA,NA,NA,NA,NA,NA,NA,NA,0.35,NA,0.35,1,no
339,trouble,NA,NA,NA,NA,NA,NA,NA,NA,NA,NA,0.36,NA,NA,NA,NA,NA,0.36,1,no
340,tub,NA,NA,NA,NA,NA,NA,NA,NA,NA,0.37,NA,NA,NA,NA,NA,NA,0.37,1,no
341,turns,NA,NA,NA,NA,0.46,NA,NA,NA,NA,NA,NA,NA,NA,NA,NA,NA,0.46,1,no
342,twice,NA,NA,NA,NA,NA,NA,NA,NA,NA,NA,NA,NA,NA,0.35,NA,NA,0.35,1,no
343,unable,NA,NA,NA,NA,NA,NA,NA,NA,0.57,NA,NA,NA,NA,NA,NA,NA,0.57,1,no
344,upgrading,NA,0.63,NA,NA,NA,NA,NA,NA,NA,NA,NA,NA,NA,NA,NA,NA,0.63,1,no
345,upper,NA,NA,NA,NA,NA,NA,NA,NA,0.55,NA,0.35,NA,NA,NA,NA,NA,0.45,2,no
346,upto,NA,NA,NA,NA,NA,NA,NA,0.42,NA,NA,NA,NA,NA,NA,NA,NA,0.42,1,no
347,use,NA,NA,NA,NA,NA,NA,NA,0.42,NA,NA,NA,NA,NA,NA,NA,NA,0.42,1,no
348,vibrate,NA,NA,NA,NA,0.46,NA,NA,NA,NA,NA,NA,NA,NA,NA,NA,NA,0.46,1,no
349,view,NA,NA,NA,0.35,NA,NA,NA,NA,NA,NA,NA,NA,NA,NA,NA,NA,0.35,1,no
350,visited,NA,NA,NA,NA,NA,NA,NA,NA,NA,NA,NA,NA,NA,NA,NA,0.44,0.44,1,no
351,walk,NA,NA,NA,NA,NA,NA,NA,NA,NA,0.37,NA,NA,NA,NA,NA,NA,0.37,1,no
352,walks,NA,NA,NA,NA,NA,NA,NA,NA,NA,0.37,NA,NA,NA,NA,NA,NA,0.37,1,no
353,wall,NA,NA,NA,NA,NA,NA,NA,NA,NA,0.37,NA,NA,NA,NA,NA,NA,0.37,1,no
354,want,NA,NA,NA,NA,0.46,NA,NA,NA,NA,NA,NA,NA,NA,NA,NA,NA,0.46,1,no
355,wanted,NA,NA,NA,NA,NA,NA,NA,NA,NA,NA,NA,NA,0.33,NA,NA,NA,0.33,1,no
356,wants,NA,NA,NA,NA,NA,NA,NA,0.42,NA,NA,NA,NA,NA,NA,NA,NA,0.42,1,no
357,warmth,NA,NA,NA,NA,NA,NA,NA,NA,NA,0.38,NA,NA,NA,NA,NA,NA,0.38,1,no
358,washrooms,NA,NA,NA,NA,NA,NA,NA,NA,NA,NA,0.35,NA,NA,NA,NA,NA,0.35,1,no
359,week,NA,NA,NA,NA,NA,NA,0.41,0.31,NA,NA,NA,NA,NA,NA,NA,NA,0.36,2,no
360,week,NA,NA,NA,NA,NA,NA,0.41,0.31,NA,NA,NA,NA,NA,NA,NA,NA,0.36,2,no
361,well,0.31,NA,NA,NA,NA,NA,NA,NA,0.5,NA,NA,NA,NA,NA,NA,NA,0.405,2,no
362,whilst,NA,NA,NA,NA,NA,NA,NA,0.42,NA,NA,NA,NA,NA,NA,NA,NA,0.42,1,no
363,wife,NA,NA,NA,NA,NA,NA,NA,NA,NA,NA,NA,NA,NA,NA,NA,0.44,0.44,1,no
364,wifi,NA,NA,NA,NA,NA,NA,NA,0.67,0.55,NA,NA,NA,NA,NA,NA,NA,0.61,2,no
365,wihtout,NA,NA,NA,NA,NA,NA,NA,NA,NA,NA,NA,NA,NA,0.35,NA,NA,0.35,1,no
366,wish,NA,NA,NA,NA,NA,NA,NA,NA,NA,NA,NA,NA,NA,0.35,NA,NA,0.35,1,no
367,wishing,NA,NA,NA,NA,NA,NA,NA,0.42,NA,NA,NA,NA,NA,NA,NA,NA,0.42,1,no
368,wonderful,NA,NA,NA,NA,NA,0.38,NA,0.41,NA,NA,NA,NA,NA,NA,NA,NA,0.395,2,Yes
369,wonderful,NA,NA,NA,NA,NA,NA,NA,0.41,NA,NA,NA,NA,NA,NA,NA,NA,0.41,1,Yes
370,working,NA,NA,0.58,NA,NA,NA,NA,NA,NA,NA,NA,NA,NA,NA,NA,NA,0.58,1,no
371,world,NA,NA,NA,NA,NA,NA,NA,0.46,0.35,NA,NA,NA,NA,NA,NA,NA,0.405,2,no
372,worth,NA,0.63,NA,NA,NA,NA,NA,NA,NA,NA,NA,NA,NA,NA,NA,NA,0.63,1,Yes
373,yummy,NA,NA,NA,NA,NA,NA,NA,NA,NA,NA,0.36,NA,NA,NA,NA,NA,0.36,1,Yes
